Year,Grado urbanización,Municipio,GeoCode,Value
2020,,,,-0.69
2020,Ciudades,,,-0.62
2020,Zona de densidad intermedia,,,-0.79
2020,Zona rural,,,-0.69
2020,Zona rural,Abla,A04001,-0.65
2020,Zona rural,Abrucena,A04002,-0.76
2020,Zona de densidad intermedia,Adra,A04003,-2.97
2020,Zona rural,Albanchez,A04004,0.16
2020,Zona rural,Alboloduy,A04005,1.23
2020,Zona de densidad intermedia,Albox,A04006,0.32
2020,Zona rural,Alcolea,A04007,0.0
2020,Zona rural,Alcóntar,A04008,5.19
2020,Zona rural,Alcudia de Monteagud,A04009,0.0
2020,Zona rural,Alhabia,A04010,2.04
2020,Zona rural,Alhama de Almerí,A04011,-1.56
2020,Zona rural,Alicún,A04012,0.0
2020,Ciudades,Almerí,A04013,-0.87
2020,Zona rural,Almócita,A04014,0.0
2020,Zona rural,Alsodux,A04015,0.0
2020,Zona rural,Antas,A04016,-0.47
2020,Zona rural,Arboleas,A04017,0.72
2020,Zona rural,Armuña de Almanzora,A04018,-0.16
2020,Zona rural,Bacares,A04019,-3.65
2020,Zona rural,Bayárcal,A04020,0.0
2020,Zona rural,Bayarque,A04021,-1.52
2020,Zona rural,Bédar,A04022,0.0
2020,Zona rural,Beires,A04023,0.0
2020,Zona de densidad intermedia,Benahadux,A04024,0.23
2020,Zona rural,Benitagla,A04026,0.0
2020,Zona rural,Benizalón,A04027,0.0
2020,Zona rural,Bentarique,A04028,0.0
2020,Zona de densidad intermedia,Berja,A04029,-0.21
2020,Zona rural,Canjáyar,A04030,-0.2
2020,Zona rural,Cantoria,A04031,0.38
2020,Zona de densidad intermedia,Carboneras,A04032,-1.31
2020,Zona rural,Castro de Filabres,A04033,0.0
2020,Zona rural,Cóbdar,A04034,0.0
2020,Zona de densidad intermedia,Cuevas del Almanzora,A04035,2.04
2020,Zona rural,Chercos,A04036,0.0
2020,Zona rural,Chirivel,A04037,0.13
2020,Zona rural,Dalís,A04038,-0.05
2020,Zona rural,Enix,A04041,0.0
2020,Zona rural,Felix,A04043,0.0
2020,Zona rural,Fines,A04044,0.0
2020,Zona rural,Fiñana,A04045,0.0
2020,Zona rural,Fondón,A04046,4.41
2020,Zona rural,Gádor,A04047,0.0
2020,Zona rural,"Gallardos, Los",A04048,1.01
2020,Zona de densidad intermedia,Garrucha,A04049,1.04
2020,Zona rural,Gérgal,A04050,1.33
2020,Zona rural,Huécija,A04051,0.0
2020,Ciudades,Huércal de Almerí,A04052,-0.14
2020,Zona de densidad intermedia,Huércal-Overa,A04053,-0.62
2020,Zona rural,Íllar,A04054,0.0
2020,Zona rural,Instinción,A04055,0.0
2020,Zona rural,Laroya,A04056,-0.19
2020,Zona rural,Láujar de Andarax,A04057,-0.46
2020,Zona rural,Líjar,A04058,0.0
2020,Zona rural,Lubrín,A04059,-2.04
2020,Zona rural,Lucainena de las Torres,A04060,0.0
2020,Zona rural,Lúcar,A04061,-3.29
2020,Zona de densidad intermedia,Macael,A04062,-0.17
2020,Zona rural,Marí,A04063,-1.66
2020,Zona rural,Mojácar,A04064,1.14
2020,Zona rural,Nacimiento,A04065,-0.03
2020,Zona de densidad intermedia,Níjar,A04066,-2.25
2020,Zona rural,Ohanes,A04067,-3.68
2020,Zona rural,Olula de Castro,A04068,0.0
2020,Zona de densidad intermedia,Olula del Río,A04069,1.79
2020,Zona rural,Oria,A04070,0.08
2020,Zona rural,Padules,A04071,0.0
2020,Zona rural,Partaloa,A04072,-2.37
2020,Zona rural,Paterna del Río,A04073,7.37
2020,Zona de densidad intermedia,Pechina,A04074,-1.23
2020,Zona de densidad intermedia,Pulpí,A04075,-1.47
2020,Zona rural,Purchena,A04076,-2.76
2020,Zona rural,Rágol,A04077,0.0
2020,Zona rural,Rioja,A04078,0.5
2020,Zona de densidad intermedia,Roquetas de Mar,A04079,-1.44
2020,Zona rural,Santa Cruz de Marchena,A04080,0.0
2020,Zona rural,Santa Fe de Mondújar,A04081,-1.4
2020,Zona rural,Senés,A04082,0.0
2020,Zona rural,Serón,A04083,0.25
2020,Zona rural,Sierro,A04084,0.0
2020,Zona rural,Somontín,A04085,-2.92
2020,Zona rural,Sorbas,A04086,0.89
2020,Zona rural,Suflí,A04087,1.74
2020,Zona rural,Tabernas,A04088,-0.31
2020,Zona rural,Taberno,A04089,-0.28
2020,Zona rural,Tahal,A04090,-0.54
2020,Zona rural,Terque,A04091,-0.4
2020,Zona rural,Tíjola,A04092,-1.03
2020,Zona rural,Turre,A04093,-1.78
2020,Zona rural,Turrillas,A04094,0.0
2020,Zona rural,Uleila del Campo,A04095,-0.79
2020,Zona rural,Urrácal,A04096,0.49
2020,Zona rural,Velefique,A04097,0.0
2020,Zona rural,Vélez-Blanco,A04098,-3.04
2020,Zona de densidad intermedia,Vélez-Rubio,A04099,-1.33
2020,Zona de densidad intermedia,Vera,A04100,-0.81
2020,Ciudades,Viator,A04101,-6.26
2020,Ciudades,Vícar,A04102,-4.43
2020,Zona rural,Zurgena,A04103,-0.54
2020,Zona rural,"Tres Villas, Las",A04901,-0.11
2020,Zona de densidad intermedia,"Ejido, El",A04902,-2.58
2020,Zona de densidad intermedia,"Mojonera, La",A04903,-1.08
2020,Zona rural,Balanegra,A04904,0.0
2020,Zona rural,Alcalá de los Gazules,A11001,-0.58
2020,Zona rural,Alcalá del Valle,A11002,1.59
2020,Zona rural,Algar,A11003,-0.39
2020,Ciudades,Algeciras,A11004,-1.01
2020,Zona rural,Algodonales,A11005,0.39
2020,Zona de densidad intermedia,Arcos de la Frontera,A11006,-0.76
2020,Zona de densidad intermedia,Barbate,A11007,-0.26
2020,Zona de densidad intermedia,"Barrios, Los",A11008,-0.53
2020,Zona rural,Benaocaz,A11009,3.24
2020,Zona de densidad intermedia,Bornos,A11010,-0.16
2020,Zona rural,"Bosque, El",A11011,0.0
2020,Ciudades,Cádiz,A11012,0.0
2020,Zona rural,Castellar de la Frontera,A11013,0.13
2020,Zona de densidad intermedia,Conil de la Frontera,A11014,-0.4
2020,Ciudades,Chiclana de la Frontera,A11015,-1.32
2020,Zona de densidad intermedia,Chipiona,A11016,-1.09
2020,Zona rural,Espera,A11017,-0.16
2020,Zona rural,"Gastor, El",A11018,-0.38
2020,Zona rural,Grazalema,A11019,0.0
2020,Ciudades,Jerez de la Frontera,A11020,-0.36
2020,Zona rural,Jimena de la Frontera,A11021,0.03
2020,Ciudades,"Línea de la Concepción, La",A11022,-0.58
2020,Zona de densidad intermedia,Medina Sidonia,A11023,-0.43
2020,Zona de densidad intermedia,Olvera,A11024,-0.46
2020,Zona de densidad intermedia,Paterna de Rivera,A11025,-0.33
2020,Zona de densidad intermedia,Prado del Rey,A11026,-0.24
2020,Ciudades,"Puerto de Santa Marí, El",A11027,-0.75
2020,Zona de densidad intermedia,Puerto Real,A11028,-0.14
2020,Zona de densidad intermedia,Puerto Serrano,A11029,-0.31
2020,Zona de densidad intermedia,Rota,A11030,-0.75
2020,Ciudades,San Fernando,A11031,-0.19
2020,Ciudades,Sanlúcar de Barrameda,A11032,-0.88
2020,Zona de densidad intermedia,San Roque,A11033,-0.37
2020,Zona rural,Setenil de las Bodegas,A11034,0.0
2020,Zona de densidad intermedia,Tarifa,A11035,-0.43
2020,Zona rural,Torre Alháquime,A11036,0.0
2020,Zona de densidad intermedia,Trebujena,A11037,0.06
2020,Zona de densidad intermedia,Ubrique,A11038,-0.37
2020,Zona de densidad intermedia,Vejer de la Frontera,A11039,-0.53
2020,Zona rural,Villaluenga del Rosario,A11040,0.0
2020,Zona de densidad intermedia,Villamartín,A11041,-0.12
2020,Zona rural,Zahara,A11042,1.43
2020,Zona de densidad intermedia,Benalup-Casas Viejas,A11901,-0.41
2020,Zona rural,San José del Valle,A11902,-0.74
2020,Zona rural,San Martín del Tesorillo,A11903,-3.09
2020,Zona rural,Adamuz,A14001,0.0
2020,Zona de densidad intermedia,Aguilar de la Frontera,A14002,0.25
2020,Zona rural,Alcaracejos,A14003,-0.75
2020,Zona rural,Almedinilla,A14004,-2.04
2020,Zona de densidad intermedia,Almodóvar del Río,A14005,-1.69
2020,Zona rural,Añora,A14006,0.0
2020,Zona de densidad intermedia,Baena,A14007,-1.08
2020,Zona rural,Belalcázar,A14008,0.86
2020,Zona rural,Belmez,A14009,-1.57
2020,Zona rural,Benamejí,A14010,-0.78
2020,Zona rural,"Blázquez, Los",A14011,0.0
2020,Zona de densidad intermedia,Bujalance,A14012,-0.22
2020,Zona de densidad intermedia,Cabra,A14013,-0.25
2020,Zona rural,Cañete de las Torres,A14014,0.0
2020,Zona rural,Carcabuey,A14015,0.09
2020,Zona rural,Cardeña,A14016,0.11
2020,Zona de densidad intermedia,"Carlota, La",A14017,-2.02
2020,Zona rural,"Carpio, El",A14018,-0.71
2020,Zona de densidad intermedia,Castro del Río,A14019,-0.57
2020,Zona rural,Conquista,A14020,-0.53
2020,Ciudades,Córdoba,A14021,-0.77
2020,Zona rural,Doña Mencí,A14022,0.0
2020,Zona rural,Dos Torres,A14023,-0.08
2020,Zona rural,Encinas Reales,A14024,0.04
2020,Zona rural,Espejo,A14025,0.0
2020,Zona rural,Espiel,A14026,0.92
2020,Zona de densidad intermedia,Fernán-Núñez,A14027,-0.22
2020,Zona rural,Fuente la Lancha,A14028,0.0
2020,Zona rural,Fuente Obejuna,A14029,-2.29
2020,Zona de densidad intermedia,Fuente Palmera,A14030,-0.35
2020,Zona rural,Fuente-Tójar,A14031,-1.04
2020,Zona rural,"Granjuela, La",A14032,0.0
2020,Zona rural,Guadalcázar,A14033,0.26
2020,Zona rural,"Guijo, El",A14034,0.0
2020,Zona de densidad intermedia,Hinojosa del Duque,A14035,0.88
2020,Zona rural,Hornachuelos,A14036,-1.37
2020,Zona rural,Iznájar,A14037,-0.85
2020,Zona de densidad intermedia,Lucena,A14038,-0.48
2020,Zona rural,Luque,A14039,0.53
2020,Zona de densidad intermedia,Montalbán de Córdoba,A14040,-0.01
2020,Zona rural,Montemayor,A14041,-0.04
2020,Zona de densidad intermedia,Montilla,A14042,-0.7
2020,Zona de densidad intermedia,Montoro,A14043,-0.79
2020,Zona rural,Monturque,A14044,-1.73
2020,Zona rural,Moriles,A14045,-0.28
2020,Zona de densidad intermedia,Nueva Carteya,A14046,0.0
2020,Zona rural,Obejo,A14047,-3.74
2020,Zona rural,Palenciana,A14048,0.0
2020,Zona de densidad intermedia,Palma del Río,A14049,-0.25
2020,Zona rural,Pedro Abad,A14050,0.19
2020,Zona rural,Pedroche,A14051,0.0
2020,Zona de densidad intermedia,Peñarroya-Pueblonuevo,A14052,-0.32
2020,Zona de densidad intermedia,Posadas,A14053,-0.77
2020,Zona de densidad intermedia,Pozoblanco,A14054,0.03
2020,Zona de densidad intermedia,Priego de Córdoba,A14055,-1.29
2020,Zona de densidad intermedia,Puente Genil,A14056,0.06
2020,Zona de densidad intermedia,"Rambla, La",A14057,-0.05
2020,Zona de densidad intermedia,Rute,A14058,-0.3
2020,Zona rural,San Sebastián de los Ballesteros,A14059,-1.24
2020,Zona rural,Santaella,A14060,-0.9
2020,Zona rural,Santa Eufemia,A14061,0.0
2020,Zona rural,Torrecampo,A14062,0.18
2020,Zona rural,Valenzuela,A14063,-0.53
2020,Zona rural,Valsequillo,A14064,0.0
2020,Zona rural,"Victoria, La",A14065,-1.27
2020,Zona de densidad intermedia,Villa del Río,A14066,0.03
2020,Zona rural,Villafranca de Córdoba,A14067,0.71
2020,Zona rural,Villaharta,A14068,-1.05
2020,Zona de densidad intermedia,Villanueva de Córdoba,A14069,0.0
2020,Zona rural,Villanueva del Duque,A14070,0.0
2020,Zona rural,Villanueva del Rey,A14071,-5.83
2020,Zona rural,Villaralto,A14072,-1.8
2020,Zona rural,Villaviciosa de Córdoba,A14073,-1.28
2020,Zona rural,"Viso, El",A14074,0.0
2020,Zona rural,Zuheros,A14075,0.0
2020,Zona rural,Fuente Carreteros,A14901,0.0
2020,Zona rural,"Guijarrosa, La",A14902,0.0
2020,Zona rural,Agrón,A18001,0.0
2020,Zona rural,Alamedilla,A18002,0.0
2020,Zona de densidad intermedia,Albolote,A18003,-0.19
2020,Zona rural,Albondón,A18004,1.09
2020,Zona rural,Albuñán,A18005,-1.46
2020,Zona rural,Albuñol,A18006,0.38
2020,Zona rural,Albuñuelas,A18007,4.11
2020,Zona rural,Aldeire,A18010,0.0
2020,Zona de densidad intermedia,Alfacar,A18011,-0.18
2020,Zona rural,Algarinejo,A18012,0.2
2020,Zona rural,Alhama de Granada,A18013,-1.46
2020,Zona de densidad intermedia,Alhendín,A18014,-0.97
2020,Zona rural,Alicún de Ortega,A18015,0.0
2020,Zona rural,Almegíjar,A18016,0.0
2020,Zona de densidad intermedia,Almuñécar,A18017,-0.85
2020,Zona rural,Alquife,A18018,0.71
2020,Zona rural,Arenas del Rey,A18020,1.23
2020,Ciudades,Armilla,A18021,0.09
2020,Zona de densidad intermedia,Atarfe,A18022,-0.15
2020,Zona de densidad intermedia,Baza,A18023,-1.63
2020,Zona rural,Beas de Granada,A18024,0.4
2020,Zona rural,Beas de Guadix,A18025,-2.71
2020,Zona rural,Benalúa,A18027,2.93
2020,Zona rural,Benalúa de las Villas,A18028,0.32
2020,Zona rural,Benamaurel,A18029,-2.41
2020,Zona rural,Bérchules,A18030,-0.58
2020,Zona rural,Bubión,A18032,-2.47
2020,Zona rural,Busquístar,A18033,-2.44
2020,Zona rural,Cacín,A18034,0.0
2020,Zona rural,Cádiar,A18035,0.01
2020,Ciudades,Cájar,A18036,2.36
2020,Zona rural,Calicasas,A18037,0.0
2020,Zona rural,Campotéjar,A18038,-0.67
2020,Zona rural,Caniles,A18039,-1.42
2020,Zona rural,Cáñar,A18040,1.95
2020,Zona rural,Capileira,A18042,0.0
2020,Zona rural,Carataunas,A18043,-0.72
2020,Zona rural,Cástaras,A18044,-0.22
2020,Zona rural,Castilléjar,A18045,0.47
2020,Zona rural,Castril,A18046,-2.28
2020,Zona de densidad intermedia,Cenes de la Vega,A18047,0.0
2020,Zona rural,Cijuela,A18048,-0.01
2020,Zona rural,Cogollos de Guadix,A18049,-2.32
2020,Zona de densidad intermedia,Cogollos de la Vega,A18050,0.49
2020,Zona rural,Colomera,A18051,2.7
2020,Zona rural,Cortes de Baza,A18053,-1.46
2020,Zona rural,Cortes y Graena,A18054,-1.35
2020,Zona rural,Cúllar,A18056,-2.13
2020,Zona de densidad intermedia,Cúllar Vega,A18057,0.52
2020,Zona de densidad intermedia,Chauchina,A18059,-0.55
2020,Zona rural,Chimeneas,A18061,0.77
2020,Ciudades,Churriana de la Vega,A18062,0.69
2020,Zona rural,Darro,A18063,0.13
2020,Zona rural,Dehesas de Guadix,A18064,0.78
2020,Zona rural,Dehesas Viejas,A18065,0.0
2020,Zona rural,Deifontes,A18066,-1.78
2020,Zona rural,Diezma,A18067,3.46
2020,Zona rural,Dílar,A18068,2.33
2020,Zona rural,Dólar,A18069,0.0
2020,Zona rural,Dúdar,A18070,0.0
2020,Zona de densidad intermedia,Dúrcal,A18071,-1.78
2020,Zona rural,Escúzar,A18072,0.0
2020,Zona rural,Ferreira,A18074,0.0
2020,Zona rural,Fonelas,A18076,1.29
2020,Zona rural,Fornes,A18077,0.0
2020,Zona rural,Freila,A18078,-4.04
2020,Zona de densidad intermedia,Fuente Vaqueros,A18079,-0.09
2020,Zona rural,Galera,A18082,-1.93
2020,Zona rural,Gobernador,A18083,0.0
2020,Ciudades,Gójar,A18084,-0.56
2020,Zona rural,Gor,A18085,-3.19
2020,Zona rural,Gorafe,A18086,0.0
2020,Ciudades,Granada,A18087,-0.13
2020,Zona rural,Guadahortuna,A18088,-0.53
2020,Zona de densidad intermedia,Guadix,A18089,-0.65
2020,Zona rural,Gualchos,A18093,-0.46
2020,Zona rural,Güéjar Sierra,A18094,-1.11
2020,Zona rural,Güevéjar,A18095,1.0
2020,Zona rural,Huélago,A18096,-1.78
2020,Zona rural,Huéneja,A18097,0.0
2020,Zona de densidad intermedia,Huéscar,A18098,-0.1
2020,Zona rural,Huétor de Santillán,A18099,0.76
2020,Zona de densidad intermedia,Huétor Tájar,A18100,-0.07
2020,Ciudades,Huétor Vega,A18101,0.05
2020,Zona rural,Íllora,A18102,0.69
2020,Zona rural,Ítrabo,A18103,0.0
2020,Zona de densidad intermedia,Iznalloz,A18105,0.89
2020,Zona rural,Játar,A18106,0.0
2020,Zona rural,Jayena,A18107,-0.65
2020,Zona rural,Jérez del Marquesado,A18108,-0.12
2020,Zona rural,Jete,A18109,0.0
2020,Zona rural,Jun,A18111,1.82
2020,Zona rural,Juviles,A18112,0.0
2020,Zona rural,"Calahorra, La",A18114,-0.85
2020,Zona rural,Láchar,A18115,0.0
2020,Zona rural,Lanjarón,A18116,-0.7
2020,Zona rural,Lanteira,A18117,1.05
2020,Zona rural,Lecrín,A18119,0.11
2020,Zona rural,Lentegí,A18120,0.0
2020,Zona rural,Lobras,A18121,2.34
2020,Zona de densidad intermedia,Loja,A18122,-0.86
2020,Zona rural,Lugros,A18123,-2.87
2020,Zona rural,Lújar,A18124,-0.14
2020,Zona rural,"Malahá, La",A18126,0.0
2020,Ciudades,Maracena,A18127,-0.05
2020,Zona rural,Marchal,A18128,0.0
2020,Zona rural,Moclín,A18132,0.01
2020,Zona rural,Molvízar,A18133,-0.55
2020,Ciudades,Monachil,A18134,-1.48
2020,Zona rural,Montefrío,A18135,-1.87
2020,Zona rural,Montejícar,A18136,-2.06
2020,Zona rural,Montillana,A18137,1.13
2020,Zona rural,Moraleda de Zafayona,A18138,-0.18
2020,Zona de densidad intermedia,Motril,A18140,-0.28
2020,Zona rural,Murtas,A18141,0.0
2020,Zona rural,Nigüelas,A18143,0.16
2020,Zona de densidad intermedia,Nívar,A18144,-0.46
2020,Ciudades,Ogíjares,A18145,0.28
2020,Zona rural,Orce,A18146,2.28
2020,Zona rural,Órgiva,A18147,0.3
2020,Zona rural,Otívar,A18148,0.0
2020,Zona de densidad intermedia,Villa de Otura,A18149,-1.72
2020,Zona de densidad intermedia,Padul,A18150,-1.4
2020,Zona rural,Pampaneira,A18151,-0.21
2020,Zona rural,Pedro Martínez,A18152,0.8
2020,Zona de densidad intermedia,Peligros,A18153,-1.22
2020,Zona rural,"Peza, La",A18154,-0.31
2020,Zona rural,Pinos Genil,A18157,1.26
2020,Zona de densidad intermedia,Pinos Puente,A18158,0.2
2020,Zona rural,Píñar,A18159,0.7
2020,Zona rural,Polícar,A18161,0.15
2020,Zona rural,Polopos,A18162,0.0
2020,Zona rural,Pórtugos,A18163,0.0
2020,Zona rural,Puebla de Don Fadrique,A18164,-0.3
2020,Ciudades,Pulianas,A18165,0.07
2020,Zona rural,Purullena,A18167,-0.8
2020,Zona rural,Quéntar,A18168,0.05
2020,Zona rural,Rubite,A18170,6.0
2020,Zona rural,Salar,A18171,-0.38
2020,Zona de densidad intermedia,Salobreña,A18173,-1.29
2020,Zona rural,Santa Cruz del Comercio,A18174,0.0
2020,Zona de densidad intermedia,Santa Fe,A18175,-0.57
2020,Zona rural,Soportújar,A18176,0.3
2020,Zona rural,Sorvilán,A18177,0.0
2020,Zona rural,Torre-Cardela,A18178,0.04
2020,Zona rural,Torvizcón,A18179,-0.16
2020,Zona rural,Trevélez,A18180,0.46
2020,Zona rural,Turón,A18181,0.0
2020,Zona rural,Ugíjar,A18182,-1.54
2020,Zona rural,Válor,A18183,-0.04
2020,Zona rural,Vélez de Benaudalla,A18184,-0.67
2020,Zona rural,Ventas de Huelma,A18185,0.0
2020,Zona rural,Villanueva de las Torres,A18187,0.0
2020,Zona rural,Villanueva Mesí,A18188,-1.23
2020,Zona de densidad intermedia,Víznar,A18189,0.42
2020,Zona rural,Zafarraya,A18192,0.11
2020,Ciudades,"Zubia, La",A18193,-0.04
2020,Zona rural,Zújar,A18194,0.0
2020,Zona rural,"Taha, La",A18901,1.56
2020,Zona rural,"Valle, El",A18902,0.0
2020,Zona rural,Nevada,A18903,1.77
2020,Zona rural,Alpujarra de la Sierra,A18904,0.31
2020,Ciudades,"Gabias, Las",A18905,-0.19
2020,Zona rural,"Guájares, Los",A18906,5.03
2020,Zona rural,Valle del Zalabí,A18907,-0.16
2020,Zona de densidad intermedia,Villamena,A18908,2.16
2020,Zona rural,Morelábor,A18909,-1.1
2020,Zona rural,"Pinar, El",A18910,0.68
2020,Zona de densidad intermedia,Vegas del Genil,A18911,-0.84
2020,Zona rural,Cuevas del Campo,A18912,-0.49
2020,Zona rural,Zagra,A18913,-0.69
2020,Zona rural,Valderrubio,A18914,0.22
2020,Zona rural,Domingo Pérez de Granada,A18915,-1.06
2020,Zona rural,Torrenueva Costa,A18916,-0.07
2020,Zona rural,Alájar,A21001,-0.26
2020,Zona de densidad intermedia,Aljaraque,A21002,-0.26
2020,Zona rural,"Almendro, El",A21003,3.05
2020,Zona rural,Almonaster la Real,A21004,-2.14
2020,Zona de densidad intermedia,Almonte,A21005,-0.06
2020,Zona rural,Alosno,A21006,-0.58
2020,Zona de densidad intermedia,Aracena,A21007,-1.11
2020,Zona rural,Aroche,A21008,0.43
2020,Zona rural,Arroyomolinos de León,A21009,1.19
2020,Zona de densidad intermedia,Ayamonte,A21010,-2.19
2020,Zona rural,Beas,A21011,-1.56
2020,Zona rural,Berrocal,A21012,1.28
2020,Zona de densidad intermedia,Bollullos Par del Condado,A21013,-0.52
2020,Zona de densidad intermedia,Bonares,A21014,-0.44
2020,Zona rural,Cabezas Rubias,A21015,-0.04
2020,Zona rural,Cala,A21016,-1.41
2020,Zona rural,Calañas,A21017,2.41
2020,Zona rural,"Campillo, El",A21018,-1.15
2020,Zona rural,Campofrío,A21019,-0.42
2020,Zona rural,Cañaveral de León,A21020,0.0
2020,Zona de densidad intermedia,Cartaya,A21021,-0.29
2020,Zona rural,Castaño del Robledo,A21022,-0.71
2020,Zona rural,"Cerro de Andévalo, El",A21023,0.26
2020,Zona rural,Corteconcepción,A21024,0.0
2020,Zona rural,Cortegana,A21025,-0.21
2020,Zona rural,Cortelazor,A21026,0.0
2020,Zona rural,Cumbres de Enmedio,A21027,0.0
2020,Zona rural,Cumbres de San Bartolomé,A21028,0.8
2020,Zona rural,Cumbres Mayores,A21029,-0.12
2020,Zona rural,Chucena,A21030,0.0
2020,Zona rural,Encinasola,A21031,0.24
2020,Zona de densidad intermedia,Escacena del Campo,A21032,-0.49
2020,Zona rural,Fuenteheridos,A21033,0.62
2020,Zona rural,Galaroza,A21034,0.0
2020,Zona de densidad intermedia,Gibraleón,A21035,3.13
2020,Zona rural,"Granada de Río-Tinto, La",A21036,2.7
2020,Zona rural,"Granado, El",A21037,0.32
2020,Zona rural,Higuera de la Sierra,A21038,0.0
2020,Zona rural,Hinojales,A21039,0.0
2020,Zona rural,Hinojos,A21040,-0.1
2020,Ciudades,Huelva,A21041,0.04
2020,Zona de densidad intermedia,Isla Cristina,A21042,-0.03
2020,Zona rural,Jabugo,A21043,0.93
2020,Zona de densidad intermedia,Lepe,A21044,-0.19
2020,Zona rural,Linares de la Sierra,A21045,0.0
2020,Zona rural,Lucena del Puerto,A21046,-1.06
2020,Zona rural,Manzanilla,A21047,0.61
2020,Zona rural,"Marines, Los",A21048,0.0
2020,Zona rural,Minas de Riotinto,A21049,-0.52
2020,Zona de densidad intermedia,Moguer,A21050,-0.43
2020,Zona rural,"Nava, La",A21051,0.81
2020,Zona rural,Nerva,A21052,0.0
2020,Zona rural,Niebla,A21053,-1.04
2020,Zona de densidad intermedia,"Palma del Condado, La",A21054,-0.04
2020,Zona de densidad intermedia,Palos de la Frontera,A21055,0.15
2020,Zona de densidad intermedia,Paterna del Campo,A21056,-1.46
2020,Zona rural,Paymogo,A21057,-0.17
2020,Zona rural,Puebla de Guzmán,A21058,0.0
2020,Zona rural,Puerto Moral,A21059,-0.74
2020,Zona de densidad intermedia,Punta Umbrí,A21060,-0.11
2020,Zona de densidad intermedia,Rociana del Condado,A21061,-0.21
2020,Zona rural,Rosal de la Frontera,A21062,0.03
2020,Zona rural,San Bartolomé de la Torre,A21063,0.0
2020,Zona de densidad intermedia,San Juan del Puerto,A21064,-0.41
2020,Zona rural,Sanlúcar de Guadiana,A21065,1.17
2020,Zona rural,San Silvestre de Guzmán,A21066,0.0
2020,Zona rural,Santa Ana la Real,A21067,-0.29
2020,Zona rural,Santa Bárbara de Casa,A21068,0.0
2020,Zona rural,Santa Olalla del Cala,A21069,-1.43
2020,Zona de densidad intermedia,Trigueros,A21070,0.15
2020,Zona rural,Valdelarco,A21071,-0.66
2020,Zona de densidad intermedia,Valverde del Camino,A21072,-0.1
2020,Zona rural,Villablanca,A21073,-0.22
2020,Zona rural,Villalba del Alcor,A21074,1.04
2020,Zona rural,Villanueva de las Cruces,A21075,0.0
2020,Zona rural,Villanueva de los Castillejos,A21076,-0.58
2020,Zona rural,Villarrasa,A21077,0.09
2020,Zona rural,Zalamea la Real,A21078,0.77
2020,Zona rural,Zufre,A21079,0.06
2020,Zona rural,"Zarza-Perrunal, La",A21902,0.0
2020,Zona rural,Albanchez de Mágina,A23001,0.0
2020,Zona de densidad intermedia,Alcalá la Real,A23002,-0.67
2020,Zona de densidad intermedia,Alcaudete,A23003,-0.74
2020,Zona rural,Aldeaquemada,A23004,0.0
2020,Zona de densidad intermedia,Andújar,A23005,-0.14
2020,Zona de densidad intermedia,Arjona,A23006,0.0
2020,Zona rural,Arjonilla,A23007,0.0
2020,Zona rural,Arquillos,A23008,-0.66
2020,Zona de densidad intermedia,Baeza,A23009,-0.46
2020,Zona de densidad intermedia,Bailén,A23010,-1.1
2020,Zona rural,Baños de la Encina,A23011,-0.07
2020,Zona rural,Beas de Segura,A23012,-0.13
2020,Zona rural,Begíjar,A23014,-0.12
2020,Zona rural,Bélmez de la Moraleda,A23015,-0.06
2020,Zona rural,Benatae,A23016,0.0
2020,Zona rural,Cabra del Santo Cristo,A23017,-0.96
2020,Zona rural,Cambil,A23018,0.98
2020,Zona rural,Campillo de Arenas,A23019,0.41
2020,Zona de densidad intermedia,Canena,A23020,0.0
2020,Zona rural,Carboneros,A23021,0.03
2020,Zona de densidad intermedia,"Carolina, La",A23024,-0.33
2020,Zona rural,Castellar,A23025,-0.27
2020,Zona rural,Castillo de Locubín,A23026,-0.45
2020,Zona rural,Cazalilla,A23027,3.67
2020,Zona de densidad intermedia,Cazorla,A23028,-0.72
2020,Zona rural,Chiclana de Segura,A23029,-5.23
2020,Zona rural,Chilluévar,A23030,-0.05
2020,Zona rural,Escañuela,A23031,0.0
2020,Zona rural,Espeluy,A23032,-1.44
2020,Zona rural,Frailes,A23033,-2.79
2020,Zona rural,Fuensanta de Martos,A23034,-2.28
2020,Zona rural,Fuerte del Rey,A23035,-0.69
2020,Zona rural,Génave,A23037,-0.23
2020,Zona rural,"Guardia de Jaén, La",A23038,-0.91
2020,Zona rural,Guarromán,A23039,0.3
2020,Zona rural,Lahiguera,A23040,-0.04
2020,Zona rural,Higuera de Calatrava,A23041,0.0
2020,Zona rural,Hinojares,A23042,1.97
2020,Zona rural,Hornos,A23043,-1.59
2020,Zona de densidad intermedia,Huelma,A23044,-0.46
2020,Zona rural,Huesa,A23045,-0.02
2020,Zona rural,Ibros,A23046,0.0
2020,Zona rural,"Iruela, La",A23047,-1.94
2020,Zona rural,Iznatoraf,A23048,-0.07
2020,Zona rural,Jabalquinto,A23049,0.11
2020,Ciudades,Jaén,A23050,-0.19
2020,Zona de densidad intermedia,Jamilena,A23051,0.0
2020,Zona rural,Jimena,A23052,-1.96
2020,Zona de densidad intermedia,Jódar,A23053,0.91
2020,Zona rural,Larva,A23054,0.43
2020,Ciudades,Linares,A23055,-0.22
2020,Zona rural,Lopera,A23056,0.0
2020,Zona rural,Lupión,A23057,-5.47
2020,Zona de densidad intermedia,Mancha Real,A23058,-0.37
2020,Zona de densidad intermedia,Marmolejo,A23059,-0.17
2020,Zona de densidad intermedia,Martos,A23060,-0.16
2020,Zona de densidad intermedia,Mengíbar,A23061,-0.16
2020,Zona rural,Montizón,A23062,1.2
2020,Zona rural,Navas de San Juan,A23063,0.04
2020,Zona rural,Noalejo,A23064,1.64
2020,Zona rural,Orcera,A23065,2.21
2020,Zona de densidad intermedia,Peal de Becerro,A23066,-0.2
2020,Zona rural,Pegalajar,A23067,-0.32
2020,Zona de densidad intermedia,Porcuna,A23069,-0.54
2020,Zona rural,Pozo Alcón,A23070,-0.57
2020,Zona rural,Puente de Génave,A23071,-0.61
2020,Zona rural,"Puerta de Segura, La",A23072,-0.39
2020,Zona rural,Quesada,A23073,-0.17
2020,Zona de densidad intermedia,Rus,A23074,-0.13
2020,Zona rural,Sabiote,A23075,-0.54
2020,Zona rural,Santa Elena,A23076,0.02
2020,Zona rural,Santiago de Calatrava,A23077,-3.04
2020,Zona rural,Santisteban del Puerto,A23079,0.02
2020,Zona rural,Santo Tomé,A23080,-1.77
2020,Zona rural,Segura de la Sierra,A23081,-1.15
2020,Zona rural,Siles,A23082,-0.44
2020,Zona rural,Sorihuela del Guadalimar,A23084,-0.91
2020,Zona rural,Torreblascopedro,A23085,-0.13
2020,Zona de densidad intermedia,Torredelcampo,A23086,0.0
2020,Zona de densidad intermedia,Torredonjimeno,A23087,-0.03
2020,Zona de densidad intermedia,Torreperogil,A23088,0.01
2020,Zona rural,Torres,A23090,0.03
2020,Zona rural,Torres de Albánchez,A23091,0.03
2020,Zona de densidad intermedia,Úbeda,A23092,-0.27
2020,Zona rural,Valdepeñas de Jaén,A23093,-0.23
2020,Zona rural,Vilches,A23094,0.95
2020,Zona de densidad intermedia,Villacarrillo,A23095,-0.29
2020,Zona rural,Villanueva de la Reina,A23096,-0.52
2020,Zona de densidad intermedia,Villanueva del Arzobispo,A23097,-0.16
2020,Zona rural,Villardompardo,A23098,-0.21
2020,Zona de densidad intermedia,"Villares, Los",A23099,0.09
2020,Zona rural,Villarrodrigo,A23101,-0.68
2020,Zona rural,Cárcheles,A23901,0.6
2020,Zona rural,Bedmar y Garcíez,A23902,-0.42
2020,Zona rural,Villatorres,A23903,0.83
2020,Zona rural,Santiago-Pontones,A23904,0.0
2020,Zona rural,Arroyo del Ojanco,A23905,-1.56
2020,Zona de densidad intermedia,Alameda,A29001,0.7
2020,Zona rural,Alcaucín,A29002,-0.25
2020,Zona rural,Alfarnate,A29003,-3.93
2020,Zona rural,Alfarnatejo,A29004,0.0
2020,Zona de densidad intermedia,Algarrobo,A29005,0.1
2020,Zona rural,Algatocín,A29006,-1.37
2020,Zona de densidad intermedia,Alhaurín de la Torre,A29007,-0.4
2020,Zona de densidad intermedia,Alhaurín el Grande,A29008,-0.51
2020,Zona rural,Almáchar,A29009,0.0
2020,Zona rural,Almargen,A29010,-0.41
2020,Zona rural,Almogí,A29011,0.8
2020,Zona de densidad intermedia,Ãlora,A29012,0.24
2020,Zona rural,Alozaina,A29013,0.02
2020,Zona rural,Alpandeire,A29014,0.0
2020,Zona de densidad intermedia,Antequera,A29015,-0.67
2020,Zona rural,Ãrchez,A29016,0.0
2020,Zona de densidad intermedia,Archidona,A29017,-1.66
2020,Zona rural,Ardales,A29018,0.07
2020,Zona rural,Arenas,A29019,0.91
2020,Zona rural,Arriate,A29020,-2.03
2020,Zona rural,Atajate,A29021,0.4
2020,Zona rural,Benadalid,A29022,-2.06
2020,Zona rural,Benahavís,A29023,-0.5
2020,Zona rural,Benalaurí,A29024,-2.67
2020,Ciudades,Benalmádena,A29025,-0.54
2020,Zona rural,Benamargosa,A29026,-3.53
2020,Zona rural,Benamocarra,A29027,-0.21
2020,Zona rural,Benaoján,A29028,-2.64
2020,Zona rural,Benarrabá,A29029,0.06
2020,Zona rural,"Borge, El",A29030,-3.81
2020,Zona rural,"Burgo, El",A29031,-0.28
2020,Zona de densidad intermedia,Campillos,A29032,-0.44
2020,Zona rural,Canillas de Aceituno,A29033,-2.9
2020,Zona rural,Canillas de Albaida,A29034,-0.1
2020,Zona rural,Cañete la Real,A29035,-1.67
2020,Zona rural,Carratraca,A29036,0.47
2020,Zona rural,Cartajima,A29037,0.0
2020,Zona de densidad intermedia,Cártama,A29038,-1.09
2020,Zona rural,Casabermeja,A29039,-2.76
2020,Zona rural,Casarabonela,A29040,-1.71
2020,Zona rural,Casares,A29041,0.45
2020,Zona de densidad intermedia,Coín,A29042,-0.4
2020,Zona rural,Colmenar,A29043,-1.38
2020,Zona rural,Comares,A29044,-1.05
2020,Zona rural,Cómpeta,A29045,-0.27
2020,Zona rural,Cortes de la Frontera,A29046,2.37
2020,Zona rural,Cuevas Bajas,A29047,-1.19
2020,Zona rural,Cuevas del Becerro,A29048,0.0
2020,Zona rural,Cuevas de San Marcos,A29049,-1.18
2020,Zona rural,Cútar,A29050,0.0
2020,Zona de densidad intermedia,Estepona,A29051,-1.24
2020,Zona rural,Faraján,A29052,1.49
2020,Zona rural,Frigiliana,A29053,-0.08
2020,Ciudades,Fuengirola,A29054,-0.68
2020,Zona rural,Fuente de Piedra,A29055,-1.23
2020,Zona rural,Gaucín,A29056,0.24
2020,Zona rural,Genalguacil,A29057,0.0
2020,Zona rural,Guaro,A29058,0.8
2020,Zona rural,Humilladero,A29059,-1.15
2020,Zona rural,Igualeja,A29060,0.0
2020,Zona rural,Istán,A29061,0.81
2020,Zona rural,Iznate,A29062,-2.53
2020,Zona rural,Jimera de Líbar,A29063,0.77
2020,Zona rural,Jubrique,A29064,0.0
2020,Zona rural,Júzcar,A29065,0.0
2020,Zona rural,Macharaviaya,A29066,-7.98
2020,Ciudades,Málaga,A29067,-0.26
2020,Zona de densidad intermedia,Manilva,A29068,-1.13
2020,Zona de densidad intermedia,Marbella,A29069,-0.17
2020,Ciudades,Mijas,A29070,-0.31
2020,Zona rural,Moclinejo,A29071,0.0
2020,Zona rural,Mollina,A29072,0.28
2020,Zona rural,Monda,A29073,-1.55
2020,Zona rural,Montejaque,A29074,4.31
2020,Zona de densidad intermedia,Nerja,A29075,-0.16
2020,Zona rural,Ojén,A29076,-0.04
2020,Zona rural,Parauta,A29077,0.01
2020,Zona rural,Periana,A29079,-1.07
2020,Zona de densidad intermedia,Pizarra,A29080,0.29
2020,Zona rural,Pujerra,A29081,0.0
2020,Zona de densidad intermedia,Rincón de la Victoria,A29082,-0.59
2020,Zona rural,Riogordo,A29083,-2.5
2020,Zona de densidad intermedia,Ronda,A29084,-0.53
2020,Zona rural,Salares,A29085,3.11
2020,Zona rural,Sayalonga,A29086,-1.65
2020,Zona rural,Sedella,A29087,1.87
2020,Zona rural,Sierra de Yeguas,A29088,0.0
2020,Zona rural,Teba,A29089,0.25
2020,Zona rural,Tolox,A29090,-0.97
2020,Zona de densidad intermedia,Torrox,A29091,-0.22
2020,Zona rural,Totalán,A29092,0.0
2020,Zona rural,Valle de Abdalajís,A29093,0.38
2020,Zona de densidad intermedia,Vélez-Málaga,A29094,-0.56
2020,Zona rural,Villanueva de Algaidas,A29095,0.17
2020,Zona rural,Villanueva del Rosario,A29096,-2.0
2020,Zona rural,Villanueva del Trabuco,A29097,-0.65
2020,Zona rural,Villanueva de Tapia,A29098,-0.82
2020,Zona rural,Viñuela,A29099,2.79
2020,Zona rural,Yunquera,A29100,0.68
2020,Ciudades,Torremolinos,A29901,-0.01
2020,Zona rural,Villanueva de la Concepción,A29902,-0.19
2020,Zona rural,Montecorto,A29903,1.08
2020,Zona rural,Serrato,A29904,0.0
2020,Zona rural,Aguadulce,A41001,-0.98
2020,Zona rural,Alanís,A41002,-3.11
2020,Zona de densidad intermedia,Albaida del Aljarafe,A41003,0.0
2020,Ciudades,Alcalá de Guadaíra,A41004,-0.74
2020,Zona de densidad intermedia,Alcalá del Río,A41005,0.34
2020,Zona rural,Alcolea del Río,A41006,0.0
2020,Zona de densidad intermedia,"Algaba, La",A41007,-0.08
2020,Zona rural,Algámitas,A41008,0.16
2020,Zona rural,Almadén de la Plata,A41009,0.0
2020,Zona de densidad intermedia,Almensilla,A41010,0.06
2020,Zona de densidad intermedia,Arahal,A41011,-0.57
2020,Zona rural,Aznalcázar,A41012,-0.76
2020,Zona de densidad intermedia,Aznalcóllar,A41013,0.0
2020,Zona rural,Badolatosa,A41014,2.38
2020,Zona de densidad intermedia,Benacazón,A41015,0.03
2020,Zona de densidad intermedia,Bollullos de la Mitación,A41016,-0.27
2020,Ciudades,Bormujos,A41017,0.0
2020,Zona de densidad intermedia,Brenes,A41018,0.0
2020,Zona de densidad intermedia,Burguillos,A41019,-0.06
2020,Zona de densidad intermedia,"Cabezas de San Juan, Las",A41020,-0.5
2020,Ciudades,Camas,A41021,-0.05
2020,Zona de densidad intermedia,"Campana, La",A41022,0.0
2020,Zona de densidad intermedia,Cantillana,A41023,-0.13
2020,Zona de densidad intermedia,Carmona,A41024,-2.49
2020,Zona rural,Carrión de los Céspedes,A41025,0.0
2020,Zona de densidad intermedia,Casariche,A41026,-0.43
2020,Zona rural,Castilblanco de los Arroyos,A41027,-2.81
2020,Zona de densidad intermedia,Castilleja de Guzmán,A41028,-0.05
2020,Ciudades,Castilleja de la Cuesta,A41029,0.0
2020,Zona rural,Castilleja del Campo,A41030,1.27
2020,Zona rural,"Castillo de las Guardas, El",A41031,-0.85
2020,Zona rural,Cazalla de la Sierra,A41032,-0.07
2020,Zona de densidad intermedia,Constantina,A41033,-0.13
2020,Zona de densidad intermedia,Coria del Río,A41034,-0.33
2020,Zona rural,Coripe,A41035,0.36
2020,Zona rural,"Coronil, El",A41036,0.0
2020,Zona de densidad intermedia,"Corrales, Los",A41037,0.0
2020,Ciudades,Dos Hermanas,A41038,-0.33
2020,Zona de densidad intermedia,Écija,A41039,-0.35
2020,Zona de densidad intermedia,Espartinas,A41040,-0.46
2020,Zona de densidad intermedia,Estepa,A41041,-0.12
2020,Zona de densidad intermedia,Fuentes de Andalucí,A41042,0.0
2020,Zona rural,"Garrobo, El",A41043,0.0
2020,Ciudades,Gelves,A41044,-0.1
2020,Zona de densidad intermedia,Gerena,A41045,-0.62
2020,Zona rural,Gilena,A41046,0.34
2020,Ciudades,Gines,A41047,0.0
2020,Zona rural,Guadalcanal,A41048,-1.36
2020,Zona de densidad intermedia,Guillena,A41049,-0.69
2020,Zona de densidad intermedia,Herrera,A41050,0.09
2020,Zona rural,Huévar del Aljarafe,A41051,-3.26
2020,Zona rural,Lantejuela,A41052,0.0
2020,Zona de densidad intermedia,Lebrija,A41053,0.09
2020,Zona rural,Lora de Estepa,A41054,1.12
2020,Zona de densidad intermedia,Lora del Río,A41055,-1.24
2020,Zona rural,"Luisiana, La",A41056,-0.17
2020,Zona rural,"Madroño, El",A41057,-7.33
2020,Zona de densidad intermedia,Mairena del Alcor,A41058,-0.09
2020,Ciudades,Mairena del Aljarafe,A41059,0.04
2020,Zona de densidad intermedia,Marchena,A41060,-0.13
2020,Zona rural,Marinaleda,A41061,-0.15
2020,Zona de densidad intermedia,Martín de la Jara,A41062,0.16
2020,Zona rural,"Molares, Los",A41063,0.0
2020,Zona de densidad intermedia,Montellano,A41064,-1.03
2020,Zona de densidad intermedia,Morón de la Frontera,A41065,-0.75
2020,Zona rural,"Navas de la Concepción, Las",A41066,-1.22
2020,Zona de densidad intermedia,Olivares,A41067,0.06
2020,Zona de densidad intermedia,Osuna,A41068,-1.09
2020,Zona de densidad intermedia,"Palacios y Villafranca, Los",A41069,-0.04
2020,Ciudades,Palomares del Río,A41070,-0.03
2020,Zona de densidad intermedia,Paradas,A41071,0.0
2020,Zona de densidad intermedia,Pedrera,A41072,0.08
2020,Zona rural,"Pedroso, El",A41073,0.0
2020,Zona rural,Peñaflor,A41074,0.0
2020,Zona de densidad intermedia,Pilas,A41075,-0.16
2020,Zona rural,Pruna,A41076,0.0
2020,Zona de densidad intermedia,"Puebla de Cazalla, La",A41077,0.0
2020,Zona rural,"Puebla de los Infantes, La",A41078,-0.77
2020,Zona de densidad intermedia,"Puebla del Río, La",A41079,-0.25
2020,Zona rural,"Real de la Jara, El",A41080,0.09
2020,Zona de densidad intermedia,"Rinconada, La",A41081,-0.61
2020,Zona rural,"Roda de Andalucí, La",A41082,-0.39
2020,Zona rural,"Ronquillo, El",A41083,0.0
2020,Zona rural,"Rubio, El",A41084,0.0
2020,Zona de densidad intermedia,Salteras,A41085,-0.32
2020,Ciudades,San Juan de Aznalfarache,A41086,0.0
2020,Zona de densidad intermedia,Sanlúcar la Mayor,A41087,-0.46
2020,Zona rural,San Nicolás del Puerto,A41088,0.89
2020,Zona de densidad intermedia,Santiponce,A41089,0.0
2020,Zona rural,"Saucejo, El",A41090,-0.16
2020,Ciudades,Sevilla,A41091,-0.09
2020,Zona de densidad intermedia,Tocina,A41092,-0.14
2020,Ciudades,Tomares,A41093,-0.19
2020,Zona de densidad intermedia,Umbrete,A41094,0.01
2020,Zona de densidad intermedia,Utrera,A41095,-1.35
2020,Zona de densidad intermedia,Valencina de la Concepción,A41096,0.01
2020,Zona rural,Villamanrique de la Condesa,A41097,-0.05
2020,Zona de densidad intermedia,Villanueva del Ariscal,A41098,-0.1
2020,Zona rural,Villanueva del Río y Minas,A41099,0.33
2020,Zona rural,Villanueva de San Juan,A41100,0.0
2020,Zona de densidad intermedia,Villaverde del Río,A41101,0.03
2020,Zona de densidad intermedia,"Viso del Alcor, El",A41102,-0.12
2020,Zona rural,Cañada Rosal,A41901,0.0
2020,Zona de densidad intermedia,Isla Mayor,A41902,0.79
2020,Zona de densidad intermedia,"Cuervo de Sevilla, El",A41903,-0.17
2020,Zona rural,"Palmar de Troya, El",A41904,0.0
