Year,nacionalidad,municipio,Value
2020,ue15,Abla,2
2020,mag,Abla,65
2020,ams,Abla,8
2020,otr,Abla,49
2020,ue15,Abrucena,2
2020,mag,Abrucena,39
2020,ams,Abrucena,8
2020,otr,Abrucena,49
2020,ue15,Adra,109
2020,mag,Adra,1894
2020,ams,Adra,110
2020,otr,Adra,1516
2020,ue15,Albanchez,226
2020,mag,Albanchez,1
2020,ams,Albanchez,1
2020,otr,Albanchez,6
2020,ue15,Arboleas,2876
2020,mag,Arboleas,40
2020,ams,Arboleas,31
2020,otr,Arboleas,150
2020,ue15,Armuña de Almanzora,11
2020,mag,Armuña de Almanzora,1
2020,ams,Armuña de Almanzora,1
2020,otr,Armuña de Almanzora,4
2020,ue15,Bacares,1
2020,mag,Bacares,0
2020,ams,Bacares,3
2020,otr,Bacares,1
2020,ue15,Bayárcal,0
2020,mag,Bayárcal,5
2020,ams,Bayárcal,1
2020,otr,Bayárcal,0
2020,ue15,,200
2020,mag,,35
2020,ams,,11
2020,otr,,46
